customer_id,email,hashed_email,zip_code,product_category,last_activity_date,total_purchases,total_spend,engagement_score,premium_interaction_flag,engagement_tier
C0219,lucas.kaur46@yahoo.com,,78701,Skincare,2026-08-17,1,152.00,11,0,high
C0286,sofia.sharma80@icloud.com,1f8b656d487663fbfd9e8ec81b217c82c8b0ee2aab7af0b1d9a65de9b75620d7,80202,Skincare,2026-06-27,1,34.00,1,1,low
C0233,liam.patel39@icloud.com,,90001,Skincare,2026-08-27,2,386.00,1,0,low
C0148,sofia.ali90@icloud.com,88ae55156fb4bf181854ab7fae1170565d045957b40cd8128944ce0a7269f4cb,30301,Skincare,2026-09-20,2,142.00,2,0,low
C0197,leo.patel41@icloud.com,,19103,Skincare,2026-08-15,1,29.00,6,1,medium
C0205,arjun.singh96@gmail.com,a1daff94bc0260323099d2a66eb2ef55ac781c91fb0efbc7e77459831a981dd4,02108,Skincare,2026-08-24,1,117.00,1,0,low
C0086,leo.ali94@outlook.com,,02108,Skincare,2026-07-15,1,108.00,1,1,low
C0220,dev.rossi87@yahoo.com,5c0d4df93b81cacd8fe37d507600955cdbbdcf2ff54a948baf6647b7f785b14c,78701,Skincare,2026-07-10,1,192.00,5,0,medium
C0256,noah.iyer93@yahoo.com,,02108,Skincare,2026-09-03,1,52.00,4,1,medium
C0018,liam.singh5@outlook.com,e966219c2227dc8ff5d46e8ddf2bd0e0e78c55f679461250ff2b229b8e094805,02108,Skincare,2026-08-04,1,102.00,2,1,low
C0223,ethan.lopez17@protonmail.com,a6640ec84207b46cc6b871290d96f9d939166b4bf4360885f52e0ceb3fa30709,85001,Skincare,2026-08-23,1,34.00,5,1,medium
C0294,ruby.jones58@protonmail.com,,78701,Skincare,2026-07-27,2,336.00,2,0,low
C0040,ava.garcia91@gmail.com,73418584b8410fdf0547328655c24be75522e2b3551d8233274f1c5aeca8dd47,,Skincare,2026-08-09,1,240.00,1,0,low
C0077,kai.das80@yahoo.com,643538ca1d387e4a7762b1e1db7d391b1a81d85d2186e09bb5d0f7f705d0d98c,85001,Skincare,2026-06-26,1,33.00,2,0,low
C0073,noah.garcia89@yahoo.com,,20001,Skincare,2026-09-09,1,110.00,2,1,low
C0076,priya.singh86@gmail.com,453b06ed3130c38eca7baaaeff47871d9216f6344e66a6ae4253e1969f6f0c11,75201,Skincare,2026-08-03,1,176.00,10,0,high
C0217,aisha.rossi2@protonmail.com,,80202,Skincare,2026-08-16,1,108.00,5,0,medium
C0244,zoe.iyer33@yahoo.com,ca46ec91d8ef5d3112afb8634922e59166e7392e9360665ca3887663bcc2e1f3,90001,Skincare,2026-09-10,1,240.00,1,1,low
C0157,omar.kim9@icloud.com,3fe4e49e95987304989a379bdb27f3431a8647ed8b24ae60a6b9f725522356f8,98101,Skincare,2026-09-04,2,106.00,2,0,low
C0174,mila.chen12@yahoo.com,89f7bae5235b1530bd1fe2fad8219079aa41f84dda88c42bf3045328934e5012,78701,Skincare,2026-09-08,2,114.00,3,1,low
C0210,dev.singh64@protonmail.com,22b02ea6742c245d1a08560bcdabd04bd0ea41227e9444a6aba8fe9537b13cc4,60601,Skincare,2026-08-14,1,176.00,12,0,high
C0110,lucas.rossi43@outlook.com,f673ffc7c7eb777f6ff98439348271fc7285af5211ec80fd2dd7ec77059aac0d,85001,Skincare,2026-08-25,2,348.00,2,0,low
C0262,kai.murphy86@gmail.com,,02108,Skincare,2026-07-29,1,36.00,1,0,low
C0114,leo.brooks99@protonmail.com,a94a69e78ba719f3993ea52d1effeca0a3a8fe6a82fcccad70ad47241b28d23d,19103,Skincare,2026-07-18,1,135.00,5,0,medium
C0083,mila.ali83@protonmail.com,,02108,Skincare,2026-06-26,1,64.00,5,0,medium
C0263,leo.patel37@protonmail.com,7e5a858ccefacf8a0a555de8d30d2f006989b7b5e388840fc6d025e3169b7481,30301,Skincare,2026-08-29,1,76.00,5,0,medium
C0016,lucas.sharma60@icloud.com,,30301,Skincare,2026-07-08,1,285.00,1,0,low
C0039,ava.jones71@yahoo.com,6771e3346269bb32afed12882874d9aa82ca61acd7fb0d6504e5f1cf23354cfa,33101,Skincare,2026-08-18,1,76.00,2,0,low
C0254,kai.murphy49@protonmail.com,abbcc10163139da6e31fee43b5861eeb072d8545c2581c79a92dffdfdec9f1d6,20001,Skincare,2026-08-17,1,96.00,1,0,low
C0255,nina.haddad78@icloud.com,6b764cc9d2eee4a130e74261b016f9abd3e68f8bd2987b1aaee8f8943dbfda96,,Skincare,2026-09-07,1,96.00,2,1,low
C0025,leo.kaur9@icloud.com,,02108,Skincare,2026-09-14,1,88.00,1,0,low
C0278,ruby.gupta68@outlook.com,,10001,Skincare,2026-09-19,1,84.00,2,0,low
C0215,omar.kim31@icloud.com,099890d7165d87808c6a7a45522772d9aab66b4447677e8b0034094a612d83af,33101,Skincare,2026-09-05,1,44.00,2,0,low
C0034,maya.garcia94@icloud.com,a86b974bd113d4a60ddeb110a616c1f07bc0da8998ec69f8aec6923ecaac0679,80202,Skincare,2026-08-08,1,54.00,11,1,high
C0145,omar.fernandez3@gmail.com,,30301,Skincare,2026-09-01,1,88.00,7,1,medium
C0293,maya.sharma99@icloud.com,,98101,Skincare,2026-07-09,1,46.00,1,0,low
C0229,mila.jones49@outlook.com,,90001,Skincare,2026-08-20,1,249.00,10,1,high
C0089,priya.ali56@gmail.com,,78701,Skincare,2026-08-02,1,24.00,2,0,low
C0281,noah.chen64@icloud.com,,60601,Skincare,2026-09-04,1,54.00,3,0,low
C0028,leo.sharma59@gmail.com,013e0d2c5c6c632980814eddb8f603fc79e497a00f7eff4cbdd35554a7cfc20f,19103,Skincare,2026-07-22,0,0.00,5,1,medium
C0029,mila.haddad98@yahoo.com,1227ed7c210b7a80621e7c6fd6b1ec9c0ca2932e9cd7dbb5642a204af4fefd69,20001,Skincare,2026-08-23,0,0.00,3,1,low
C0102,lucas.nguyen84@gmail.com,,85001,Skincare,2026-08-22,0,0.00,3,1,low
C0141,ethan.gupta28@outlook.com,98d1367ca2dca8356e31a7ced68bcd26f9f151882ee859235db712c3bb0f6d19,48201,Skincare,2026-08-31,0,0.00,1,1,low
C0222,zoe.garcia38@outlook.com,652839b85e96f96e1b39590a580fd247b5e42057db18304286ddad2e5b0062cc,19103,Skincare,2026-08-07,0,0.00,1,1,low
C0232,nina.khan84@icloud.com,14cc5f1bea61f1a5f8ffef39f484adc87b411d3e990915ccae9b02e874c0c017,90001,Skincare,2026-07-01,0,0.00,1,0,low
C0266,mateo.kim98@outlook.com,8e557b14628060540fb1e6dd4ac8b129e72699229b3be55304ce4eec59412bee,33101,Skincare,2026-09-16,0,0.00,22,0,high
C0118,ava.brooks44@icloud.com,,19103,Skincare,2026-09-07,0,0.00,1,1,low
C0258,noah.murphy55@outlook.com,9dd19c5af068746f067c06838e5524371c53aa3b25759d53de5139ea0d38a1db,78701,Skincare,2026-08-17,0,0.00,3,1,low
C0299,arjun.garcia83@gmail.com,,33101,Skincare,2026-09-03,0,0.00,2,0,low
C0079,sofia.das86@yahoo.com,75690a42aa39df7acaf9eac5269fbbcc48341067c713d56fe327964ff98d31b7,30301,Skincare,2026-06-29,0,0.00,1,0,low
C0080,noah.brooks5@icloud.com,,94102,Skincare,2026-09-20,0,0.00,1,1,low
C0105,nina.nguyen60@protonmail.com,,20001,Skincare,2026-07-12,0,0.00,1,0,low
C0183,elena.ali80@icloud.com,800ddfdb29491745fda8c3ff37bb280e2792d272fbf9e78b4be76f1cc8489673,78701,Skincare,2026-07-05,0,0.00,2,1,low
C0231,sofia.kaur29@gmail.com,b351726b3161338a1be0da3f0cd545b4699f115bfe37cfdbdd4f4e3a24716498,78701,Skincare,2026-08-20,0,0.00,3,1,low
C0093,aisha.sharma79@protonmail.com,c63303ebb1db1694cfb4bf215606dbd28464f85c082820a65b4b740c054bb90d,30301,Skincare,2026-09-14,0,0.00,10,0,high
C0146,aisha.singh40@protonmail.com,6a8c605817a97e80e90df8eb1474464f47d7ae911fe98e71948af7dd20172ece,75201,Skincare,2026-08-31,0,0.00,10,0,high
C0152,noah.lopez38@yahoo.com,e825b97e29c505c80d8a47b174b006e39b387ec58631383f4b913a5f11e100c0,75201,Skincare,2026-07-15,0,0.00,1,0,low
C0182,ava.iyer60@icloud.com,,10001,Skincare,2026-07-15,0,0.00,1,1,low
C0202,mila.murphy80@icloud.com,9852a0fafcf88c3ae8a76b004a0e90bd822684d89c842f4025fe5a9dd6bf5364,78701,Skincare,2026-07-03,0,0.00,2,0,low
C0221,liam.khan57@gmail.com,99a23ae13aa38daf9eaf0fd6feed3ff30d74a86854620c3a1714d92021aef300,33101,Skincare,2026-07-22,0,0.00,4,1,medium
C0245,ava.nguyen2@outlook.com,,48201,Skincare,2026-08-05,0,0.00,5,0,medium
C0172,mila.haddad70@icloud.com,f3f5b5d6afd7bd264eefadb982657a2bafb9b4facb289df3f26c58734aa8b4ba,98101,Skincare,2026-09-08,0,0.00,2,1,low
C0236,noah.gupta79@icloud.com,d3df9787881183ccbff023c15b17f7f46a0034f559776bcda45f59476f7a3fde,30301,Skincare,2026-09-14,0,0.00,2,0,low
C0271,ava.garcia96@protonmail.com,6959a05507c3ae50c26da06521708beb5af93a1fe13da13779296cb2789568f3,94102,Skincare,2026-06-23,0,0.00,2,0,low
C0038,nina.kim32@yahoo.com,,90001,Skincare,2026-09-13,0,0.00,7,1,medium
C0066,kai.khan79@protonmail.com,40d43083f6dac721a2aebccfef60806adb4ea4cf765ec167db8ebd26fd37e2a0,10001,Skincare,2026-07-12,0,0.00,10,0,high
C0128,mila.ali22@protonmail.com,,33101,Skincare,2026-07-21,0,0.00,7,1,medium
C0151,mila.jones98@protonmail.com,790416e25cfdbcba877e1a8ab7995d31d073298c23f76f88ffce6ac0666f7049,33101,Skincare,2026-07-18,0,0.00,2,0,low
C0169,zoe.rossi19@gmail.com,,10001,Skincare,2026-08-11,0,0.00,11,0,high
C0257,lucas.das44@icloud.com,,02108,Skincare,2026-07-05,0,0.00,1,0,low
C0042,omar.lopez70@yahoo.com,d1f9bd50221907423ce780a76f316ae7ffd55e9debe9bbc5a10eed072600cba8,19103,Skincare,2026-09-14,0,0.00,1,0,low
C0055,ruby.iyer8@outlook.com,135fbf0628e4672cc6d6189a1501a5bff798894e7b588b970e1ecf13acd56ca6,10001,Skincare,2026-07-31,0,0.00,17,1,high
C0092,aisha.khan71@yahoo.com,c345366088f085537518a8a0fb4f2312a8ebaaa0f53cf35636bee0fce4df30fc,94102,Skincare,2026-08-02,0,0.00,2,1,low
C0103,noah.das29@yahoo.com,56fcf1e2cf4c9c346cdf75f47d055dc4c020f62b06083e2fc4aaa3dc93019952,48201,Skincare,2026-06-25,0,0.00,10,0,high
C0106,sofia.fernandez79@protonmail.com,d0eee6fdac94d2b62f9fcf9deaa676090c1691831356eed98ecfc8cce33d490c,02108,Skincare,2026-08-13,0,0.00,7,1,medium
C0112,zoe.lopez9@icloud.com,,02108,Skincare,2026-08-17,0,0.00,1,0,low
C0218,liam.kaur96@icloud.com,43adaa4467eda2c14303ef0a4342129a68d3223df941c9f559c6aa62a27b755c,80202,Skincare,2026-08-07,0,0.00,2,0,low
C0014,mateo.lopez86@outlook.com,1e7421d816a3de3bbeeb5143b7e40aff4a6437b257913df7151b8b372928ccf7,19103,Skincare,2026-07-10,0,0.00,5,0,medium
C0138,ruby.rossi42@yahoo.com,67abc719102174b4e0eda7794e0543bf7d7a79e5b7e8d90a9c88c19a1f0b0f6f,80202,Skincare,2026-09-10,0,0.00,4,1,medium
C0161,elena.brooks58@icloud.com,,30301,Skincare,2026-07-27,0,0.00,1,0,low
C0170,arjun.kaur96@protonmail.com,86591675fb0adefc81acef276c03dd2155fe0219a1fece64b206ebfa14ad6c25,85001,Skincare,2026-07-01,0,0.00,2,0,low
C0185,nina.gupta16@gmail.com,,78701,Skincare,2026-08-01,0,0.00,2,1,low
C0200,nina.kim68@icloud.com,f4bb88aefe4b02b3c912dd21c9134835a04d7af2efd31d76208b19dd34fc8d90,10001,Skincare,2026-09-17,0,0.00,8,1,medium
C0269,mila.khan44@outlook.com,4183af472d177dfe2c75721316f4ab52a059584e1b892ae1601390a1c6683fde,10001,Skincare,2026-09-14,0,0.00,6,1,medium
C0021,zoe.singh96@protonmail.com,,20001,Skincare,2026-07-27,0,0.00,12,0,high
C0022,ruby.das75@icloud.com,,75201,Skincare,2026-08-27,0,0.00,1,1,low
C0031,ethan.iyer68@gmail.com,88c3aef2ef86f1f3e1cae66e507500a800f63980d1e41079446cece3d954ea36,33101,Skincare,2026-07-17,0,0.00,1,1,low
C0195,kai.iyer49@icloud.com,,85001,Skincare,2026-07-01,0,0.00,2,0,low
C0224,elena.haddad35@yahoo.com,,30301,Skincare,2026-07-24,0,0.00,2,0,low
C0282,aisha.iyer91@yahoo.com,b5cc544f2d35a7695014c84acf96e5658669da7dd6730a4d5ba0273d2ffc8ea1,20001,Skincare,2026-07-16,0,0.00,3,1,low
C0005,kai.das29@icloud.com,,33101,Skincare,2026-08-20,0,0.00,2,1,low
C0078,ethan.sharma53@gmail.com,424b58dc1a1c50ddfe082637f8f0a52e8a158261c6a9511083ec22faa6b766c8,60601,Skincare,2026-09-11,0,0.00,11,1,high
C0090,dev.murphy85@gmail.com,c494b63eec7842f3391d8477647779dbd3eed98e89e6a653e14fd59fb36b45db,,Skincare,2026-09-09,0,0.00,2,0,low
C0104,elena.fernandez7@protonmail.com,d80438127e054f9b70f6ace0e03dd92b4ea9fbfb9f6b523522bb5e1fea123b7f,94102,Skincare,2026-09-02,0,0.00,5,1,medium
C0130,arjun.jones87@icloud.com,dfa83dd29f1523c6fbe9de95ed711211caa1bef7f981925557d8596cc6524b9d,02108,Skincare,2026-07-30,0,0.00,2,0,low
C0259,mateo.nguyen88@icloud.com,,90001,Skincare,2026-09-07,0,0.00,4,1,medium
C0296,maya.gupta57@outlook.com,8c55e4345a7063a75f6f572c7556f626de6c8cc2c97d96df7f4aa389ea148531,,Skincare,2026-07-11,0,0.00,2,0,low
C0023,zoe.haddad64@gmail.com,11911ffae79114e795ead7c9e2fb31b57125e019c59a3401212ed57fcdc11c42,48201,Skincare,2026-09-11,0,0.00,1,0,low
C0041,liam.murphy10@protonmail.com,,94102,Skincare,2026-08-26,0,0.00,12,1,high
C0061,priya.murphy31@outlook.com,f63dd70e3df7f3e1c2be74988b2774d7b616571cd17b77ab7ea066fe83b31787,02108,Skincare,2026-07-18,0,0.00,3,1,low
C0098,dev.murphy12@yahoo.com,27a596a895734f1297f734ea853b734e1c57ff0bf3fffc9b38960c9bf530f5bc,78701,Skincare,2026-08-23,0,0.00,1,0,low
C0162,leo.khan73@protonmail.com,8c5d58406111ea47010c19402ad78648d652e605285c4b15e970d8051be4e3d6,10001,Skincare,2026-09-09,0,0.00,6,1,medium
C0037,priya.khan52@outlook.com,,98101,Skincare,2026-08-14,0,0.00,5,1,medium
C0119,nina.nguyen80@protonmail.com,76b96205473eff2cfba575a9d8f604e10185edc7ebcdf27ce6cdfd143891120c,10001,Skincare,2026-07-06,0,0.00,5,0,medium
C0123,aisha.rossi97@icloud.com,,30301,Skincare,2026-09-20,0,0.00,8,0,medium
C0248,maya.gupta58@outlook.com,5f214486af53cea554214ff43639a7ad2cc95ac5d14deb758c857851f638e2bc,20001,Skincare,2026-08-23,0,0.00,4,0,medium
C0044,priya.kim13@icloud.com,c8db7bde386b44b511efc0467d7998d41f08d85068bed4bb2cb9c0cf608c1301,75201,Skincare,2026-07-01,0,0.00,1,1,low
C0068,noah.iyer20@outlook.com,3865091b97ce35e4b5f470aabc93d8d0707506a6fb7ead75d53cb29d6dca509a,30301,Skincare,2026-09-06,0,0.00,1,0,low
C0081,nina.ali40@yahoo.com,,94102,Skincare,2026-09-05,0,0.00,1,0,low
C0111,maya.nguyen20@yahoo.com,340ef53ca29ccbf12ca3dcd15bc574ed4fcbf881c98ef3194189c98895769110,02108,Skincare,2026-08-19,0,0.00,1,0,low
C0136,nina.nguyen56@yahoo.com,87766c886da573d32c409f6a58646c2015e3df9be814be66b7a3eadcc6e76084,19103,Skincare,2026-08-29,0,0.00,2,1,low
C0214,mila.fernandez39@yahoo.com,,,Skincare,2026-08-04,0,0.00,2,0,low
C0273,sofia.jones77@gmail.com,,85001,Skincare,2026-09-18,0,0.00,5,0,medium
C0101,ruby.lopez92@icloud.com,,98101,Skincare,2026-07-04,0,0.00,10,1,high
C0124,maya.gupta3@protonmail.com,aa079ee612e2c8a597b645de5d638ac0c74af97afb09bd5298af1dcc8a6bb3c3,10001,Skincare,2026-07-14,0,0.00,11,1,high
C0133,liam.ali69@icloud.com,,78701,Skincare,2026-09-19,0,0.00,12,0,high
C0150,kai.sharma25@yahoo.com,,19103,Skincare,2026-08-14,0,0.00,2,0,low
C0189,mila.das62@icloud.com,891ce21032d4dd09218beccd85ae0d35c84041027d2e039e70620c5632ebb2a3,94102,Skincare,2026-08-28,0,0.00,1,0,low
C0241,lucas.nguyen73@yahoo.com,,90001,Skincare,2026-07-11,0,0.00,1,1,low
C0074,mateo.jones71@yahoo.com,52a289f1c6fe29ab0f04ed6b9fb03843ddca878b1dffd19b0cddcb07596d52bd,02108,Skincare,2026-07-08,0,0.00,1,0,low
C0149,mila.singh16@yahoo.com,,75201,Skincare,2026-06-29,0,0.00,1,1,low
C0178,mateo.das43@outlook.com,94525e9961e358441919055ac4d47f820b69474a4cf7d8397de558359bdd2f33,78701,Skincare,2026-09-04,0,0.00,1,1,low
C0239,mila.lopez16@icloud.com,511a7709703f904892b8ea8eafedb2c00ea94214bcf87e34c391ac8e2a1cb161,90001,Skincare,2026-07-18,0,0.00,1,0,low
C0295,dev.murphy81@outlook.com,8b5a01d9178c1f0f731ff766681060881dc5a5c4e57c9b72621d92ef40daa2c6,60601,Skincare,2026-09-07,0,0.00,6,1,medium
C0154,liam.patel71@outlook.com,d6266f2202b7845deca0c4276b5e71610a1df808510dbccf6d8f1446e91ee67f,19103,Skincare,2026-07-22,0,0.00,2,1,low
C0165,ethan.chen53@icloud.com,,19103,Skincare,2026-08-17,0,0.00,10,0,high
C0177,ethan.jones56@icloud.com,,90001,Skincare,2026-08-03,0,0.00,3,1,low
C0201,zoe.das84@yahoo.com,,90001,Skincare,2026-08-04,0,0.00,5,1,medium
C0208,zoe.singh68@icloud.com,,33101,Skincare,2026-09-11,0,0.00,11,1,high
C0274,zoe.sharma97@protonmail.com,73c6cf357e2b2baf091823e8c0f4e393e186c8b7d70c707401a25438dcf100c3,10001,Skincare,2026-08-13,0,0.00,1,0,low
C0291,mateo.ali94@yahoo.com,,94102,Skincare,2026-08-24,0,0.00,3,1,low
